frequency_index,normalized_frequency,magnitude,log_magnitude
0,0.0,9.905335535689129e-18,9.905335535689129e-18
1,0.0005310674455655868,0.12700208394059848,0.11956108416027612
2,0.0010621348911311736,0.07950884146637856,0.07650616127394914
3,0.0015932023366967605,0.052068579643167294,0.05075830196563094
4,0.002124269782262347,0.03538837059201216,0.03477659362039646
5,0.002655337227827934,0.013405370100516095,0.013316313138306456
6,0.003186404673393521,0.02708659889951513,0.026726249591616402
7,0.0037174721189591076,0.026707092024664644,0.026356682890884043
8,0.004248539564524694,0.04039629545836929,0.03960169389625592
9,0.004779607010090281,0.021239110065037422,0.021016703796213138
10,0.005310674455655868,0.01913013285073512,0.018949452515407868
11,0.005841741901221454,0.015807288352066556,0.01568365434653521
12,0.006372809346787042,0.011595375166926955,0.01152866400303149
13,0.006903876792352629,0.006068816346391752,0.0060504752488960275
14,0.007434944237918215,0.0016001085052770253,0.0015988296956370716
15,0.007966011683483801,0.008899344718785271,0.008859978931326767
16,0.008497079129049389,0.01174345912319255,0.011675039838873094
17,0.009028146574614976,0.005638969206672838,0.005623129737438014
18,0.009559214020180562,0.01088821870631783,0.010829368847739487
19,0.01009028146574615,0.005173822592504238,0.005160484359049404
20,0.010621348911311735,0.010283128179883173,0.010230616500053424
21,0.011152416356877323,0.011002531750668185,0.01094244423961842
22,0.011683483802442909,0.012819725997739369,0.01273824891413649
23,0.012214551248008496,0.007603946807671709,0.007575182526828031
24,0.012745618693574084,0.0018888807073255557,0.001887099015411821
25,0.01327668613913967,0.015132405644690039,0.015019052897056004
26,0.013807753584705257,0.004384214403683256,0.00437463173382499
27,0.014338821030270843,0.01310392922226504,0.013018815485001792
28,0.01486988847583643,0.011946442504383793,0.01187564703833455
29,0.015400955921402016,0.003123286750471565,0.00311841942248266
30,0.015932023366967602,0.008317993755420049,0.008283589894437109
31,0.01646309081253319,0.005703480787122336,0.005687277521393769
32,0.016994158258098777,0.010944230764589941,0.010884776068353735
33,0.017525225703664365,0.009819592867151335,0.009771693974938453
34,0.018056293149229952,0.009182370076663785,0.00914046842554209
35,0.018587360594795536,0.01080674232073556,0.010748766791349151
36,0.019118428040361124,0.004280988910545237,0.00427185154620729
37,0.01964949548592671,0.005732652964363563,0.005716283838575576
38,0.0201805629314923,0.0016849818690533387,0.0016835638797378838
39,0.020711630377057883,0.005972663428157224,0.005954897777681568
40,0.02124269782262347,0.0046312265198475,0.00462053538630802
41,0.021773765268189058,0.006696264799566134,0.006673944405209063
42,0.022304832713754646,0.0046536589941099825,0.004642864200330503
43,0.022835900159320233,0.003801182984937347,0.003793976744614019
44,0.023366967604885817,0.0021566504611837995,0.002154328228807586
45,0.023898035050451405,0.005201201448118154,0.005187721919492808
46,0.024429102496016993,0.001413604520363092,0.0014126063220874275
47,0.02496016994158258,0.002523181332771181,0.002520003455203918
48,0.025491237387148168,0.006392847368487742,0.0063724997930038755
49,0.02602230483271375,0.00736112668684859,0.007334165821186148
50,0.02655337227827934,0.005487900901707274,0.0054728972409256935
51,0.027084439723844927,0.00186464038087616,0.0018629040970294306
52,0.027615507169410514,0.002274790725843574,0.0022722073065041654
53,0.0281465746149761,0.004990209596090592,0.004977799768156203
54,0.028677642060541686,0.0033972617911930316,0.0033915041338485495
55,0.029208709506107274,0.004804582899962913,0.004793077728524511
56,0.02973977695167286,0.003952777202216777,0.003944985504226551
57,0.03027084439723845,0.0038186727328956283,0.0038114001108044975
58,0.030801911842804033,0.010103528439252229,0.010052829005253243
59,0.031332979288369624,0.009033039718620583,0.008992485848864746
60,0.031864046733935204,0.0068081907820874326,0.006785119706884021
61,0.03239511417950079,0.006730363956092292,0.006707816169933354
62,0.03292618162506638,0.010314565032710086,0.010261732889956321
63,0.03345724907063197,0.0071279730904926855,0.007102689167951605
64,0.033988316516197555,0.01184433291165193,0.011774737800029005
65,0.03451938396176314,0.009632544611905563,0.009586447439693335
66,0.03505045140732873,0.0066329571846118094,0.006611055917540068
67,0.03558151885289432,0.004336645868108182,0.004327269717006455
68,0.036112586298459905,0.0016763513497606174,0.0016749478411334966
69,0.036643653744025485,0.0036171674005783974,0.003610641183455044
70,0.03717472118959107,0.003099662307593236,0.0030948682584502553
71,0.03770578863515666,0.005325561413193298,0.005311430757923547
72,0.03823685608072225,0.006288054695122699,0.00626836736609776
73,0.038767923526287836,0.003918070165930247,0.003910414519408997
74,0.03929899097185342,0.005957057905776597,0.005939384788121879
75,0.03983005841741901,0.00406252821133734,0.0040542984252326456
76,0.0403611258629846,0.0015607519339463048,0.0015595352264678257
77,0.040892193308550186,0.006485302982050814,0.006464363886825938
78,0.041423260754115766,0.0031270608015331056,0.0031221817157240294
79,0.041954328199681354,0.0016584779196418759,0.0016571041638229653
80,0.04248539564524694,0.0025972793805697615,0.0025939122794208427
81,0.04301646309081253,0.0028908413324827804,0.0028866708861438285
82,0.043547530536378116,0.006131872577850099,0.0061131491480016864
83,0.044078597981943704,0.006979550743844926,0.0069553064238229625
84,0.04460966542750929,0.0046596045314659384,0.004648782179835144
85,0.04514073287307488,0.007949606449457556,0.0079181747977265
86,0.04567180031864047,0.009874882275910468,0.009826444244796995
87,0.04620286776420605,0.008417004100616474,0.008381778645444286
88,0.046733935209771635,0.004518469854735401,0.004508292216539292
89,0.04726500265533722,0.0050749229518873736,0.005062088933193909
90,0.04779607010090281,0.006968015157573118,0.006943850727093569
91,0.0483271375464684,0.002858588400563882,0.0028545104064312946
92,0.048858204992033985,0.00939370513939603,0.009349858664631075
93,0.04938927243759957,0.010123434187234574,0.01007253545245075
94,0.04992033988316516,0.007858014099155184,0.007827300698996308
95,0.05045140732873075,0.0009261141432588773,0.0009256855641440804
96,0.050982474774296335,0.008511304635951069,0.00847528770572653
97,0.051513542219861916,0.0016638817606829046,0.001662499042999479
98,0.0520446096654275,0.003182809704718854,0.0031777552879021192
99,0.05257567711099309,0.004762308899187141,0.004751004980456733
100,0.05310674455655868,0.004976465417806485,0.004964123742125347
101,0.053637812002124266,0.004169157410317738,0.004160490554202658
102,0.054168879447689854,0.0051072362443954295,0.005094238549449342
103,0.05469994689325544,0.0076260657840796124,0.007597134340040999
104,0.05523101433882103,0.009565488230875161,0.009520028614036452
105,0.055762081784386616,0.006572608153048917,0.0065511027437360324
106,0.0562931492299522,0.004832480574215109,0.004820841621578673
107,0.056824216675517784,0.009303694047773236,0.009260681265662126
108,0.05735528412108337,0.004919315823791336,0.00490725552580893
109,0.05788635156664896,0.007541173132687413,0.007512880636623261
110,0.05841741901221455,0.012595461073307902,0.012516798095776348
111,0.058948486457780135,0.00814801733013132,0.00811500145827516
112,0.05947955390334572,0.0040365815646675055,0.004028456427151014
113,0.06001062134891131,0.009600002012946975,0.00955421479861809
114,0.0605416887944769,0.004604489680042962,0.004593921445902177
115,0.06107275624004248,0.0024959816451093552,0.0024928718564983005
116,0.061603823685608065,0.005431965183856017,0.0054172652698968645
117,0.06213489113117365,0.0033308350789696527,0.003325300135059431
118,0.06266595857673925,0.003914172399553938,0.003906531957615554
119,0.06319702602230483,0.0020550632599628574,0.002052954506049199
120,0.06372809346787041,0.004148270493206499,0.00413969014006315
121,0.064259160913436,0.001509814598373838,0.001508675974243249
122,0.06479022835900158,0.002007708204543556,0.0020056954519892213
123,0.06532129580456718,0.004746401535989868,0.004735172888647426
124,0.06585236325013276,0.0033944099941112327,0.003388661988226863
125,0.06638343069569835,0.008024009883048917,0.00799198869392272
126,0.06691449814126393,0.005613402080097399,0.0055977056514885624
127,0.06744556558682953,0.0009997854950717434,0.0009992860424229539
128,0.06797663303239511,0.0044680777279728625,0.004458125502547363
129,0.06850770047796069,0.0012045638948132232,0.0012038389897960898
130,0.06903876792352628,0.004145677530848276,0.004137107886244404
131,0.06956983536909186,0.003123863244706188,0.0031189941216014845
132,0.07010090281465746,0.0023251024891696747,0.0023224036209976012
133,0.07063197026022304,0.005434128417865473,0.005419416814463994
134,0.07116303770578863,0.005418378571484782,0.005403751969502696
135,0.07169410515135421,0.002776482971565144,0.002772635662399787
136,0.07222517259691981,0.00326387699822039,0.0032585621133043533
137,0.07275624004248539,0.00489865740039797,0.004886698018940831
138,0.07328730748805097,0.002138903122755209,0.0021366189260080865
139,0.07381837493361657,0.004217918608588019,0.004209048124465974
140,0.07434944237918215,0.0014440002011900262,0.0014429586354596942
141,0.07488050982474774,0.0025066221780318115,0.0025034858406420284
142,0.07541157727031332,0.0016912084459262432,0.0016897799632702986
143,0.07594264471587892,0.004817092571377165,0.004805527506079264
144,0.0764737121614445,0.007541305507462285,0.007513012020600121
145,0.07700477960701009,0.0011778472834610982,0.0011771541655541614
146,0.07753584705257567,0.005799275058103843,0.0057825239939880094
147,0.07806691449814125,0.0034619613300851185,0.003455982536886581
148,0.07859798194370685,0.0013531643027893988,0.0013522496010424136
149,0.07912904938927243,0.002103012797045051,0.002100804561056515
150,0.07966011683483802,0.0008652308469378681,0.0008648567504995888
151,0.0801911842804036,0.00198949472041035,0.0019875182967445688
152,0.0807222517259692,0.0023276972681265185,0.0023249923774716994
153,0.08125331917153478,0.0018185710055248594,0.0018169194073363508
154,0.08178438661710037,0.0019355214827736272,0.0019336507745435273
155,0.08231545406266595,0.003344093116444119,0.003338514071495645
156,0.08284652150823153,0.0010854073835956841,0.0010848187548976216
157,0.08337758895379713,0.003095097817663339,0.0030903178628250367
158,0.08390865639936271,0.002567833645262393,0.0025645423935015217
159,0.0844397238449283,0.0031703660127581686,0.00316535099925399
160,0.08497079129049388,0.004918663798958515,0.004906606692580152
161,0.08550185873605948,0.003070635020837153,0.00306593024975103
162,0.08603292618162506,0.008560288176678272,0.008523856671658503
163,0.08656399362719065,0.008313910722907549,0.00827954053619435
164,0.08709506107275623,0.0022471067232707636,0.0022445857548415962
165,0.08762612851832181,0.00803332035641728,0.008001225011986475
166,0.08815719596388741,0.009449116823422997,0.009404753165023145
167,0.08868826340945299,0.006732341859157693,0.006709780848056956
168,0.08921933085501858,0.0032186375926361653,0.003213468866527553
169,0.08975039830058416,0.00970478990527071,0.009658000906428247
170,0.09028146574614976,0.006025469765959649,0.006007389215862694
171,0.09081253319171534,0.0017066454561455743,0.0017051907916183168
172,0.09134360063728093,0.003394446018147749,0.0033886978903960507
173,0.09187466808284651,0.0028998256162562023,0.0028956292325171807
174,0.0924057355284121,0.005284859664668662,0.00527094380122273
175,0.09293680297397769,0.007121795876177322,0.007096555654213086
176,0.09346787041954327,0.006153377890254692,0.006134523167813647
177,0.09399893786510886,0.005051758011139216,0.005039040693529645
178,0.09453000531067444,0.004063985185874049,0.004055749503665193
179,0.09506107275624004,0.0017428910299910982,0.0017413739578916734
180,0.09559214020180562,0.006068435741905278,0.006050096940223416
181,0.09612320764737121,0.006187767978149286,0.006168702350571551
182,0.0966542750929368,0.003357597765070712,0.003351973619258187
183,0.09718534253850238,0.005479932824521578,0.0054649726216929985
184,0.09771640998406797,0.0028727300532572987,0.00286861164976687
185,0.09824747742963355,0.00430156511730241,0.00429233983205507
186,0.09877854487519915,0.008807781491526676,0.008769219250566335
187,0.09930961232076473,0.007273497060625858,0.0072471727503383996
188,0.09984067976633032,0.00887490001431432,0.008835749556275566
189,0.1003717472118959,0.0031667483644003173,0.003161744777416262
190,0.1009028146574615,0.006180519924556545,0.0061614988444972955
191,0.10143388210302708,0.0014142818907409993,0.0014132827360544022
192,0.10196494954859267,0.001051590813899704,0.0010510382796058305
193,0.10249601699415825,0.0023938823671929184,0.002391021595456659
194,0.10302708443972383,0.004338047524203617,0.004328665319888342
195,0.10355815188528943,0.0029592598391916104,0.0029548898489620357
196,0.104089219330855,0.004237981830617488,0.004229026877323579
197,0.1046202867764206,0.004203175639133105,0.004194366970700557
198,0.10515135422198618,0.002676294827997082,0.002672719927897835
199,0.10568242166755178,0.003055540771566186,0.003050882094302592
200,0.10621348911311736,0.003115273201363316,0.0031104307921490035
201,0.10674455655868295,0.005183140147181585,0.005169753911522031
202,0.10727562400424853,0.002120300301747507,0.0021180556374110313
203,0.10780669144981411,0.003501668307949896,0.003495551742111411
204,0.10833775889537971,0.0031463947305151465,0.0031414551890676843
205,0.10886882634094529,0.008495530394162915,0.008459646467913631
206,0.10939989378651088,0.010151373986584465,0.010100194857239278
207,0.10993096123207646,0.00891874735388896,0.008879210233871344
208,0.11046202867764206,0.0027401093766843514,0.002736362120686336
209,0.11099309612320764,0.008148975660793768,0.00811595204310049
210,0.11152416356877323,0.006012679269892841,0.005994675246126971
211,0.11205523101433881,0.004593069854577608,0.004582553897289267
212,0.1125862984599044,0.006959063613405924,0.006934961086290173
213,0.11311736590546999,0.011036828373266406,0.010976367043771357
214,0.11364843335103557,0.00430246526182475,0.004293236120729917
215,0.11417950079660116,0.008820600422519718,0.008781926180254798
216,0.11471056824216674,0.0018552885973701755,0.001853569675216477
217,0.11524163568773234,0.007443671906731421,0.007416104498309246
218,0.11577270313329792,0.003761960268690079,0.0037549017930897637
219,0.11630377057886351,0.006505817836979591,0.006484746346258885
220,0.1168348380244291,0.0051956081385777205,0.005182157535870852
221,0.11736590546999467,0.0038148312925254018,0.0038075732765117556
222,0.11789697291556027,0.0045176756272505844,0.004507501561292394
223,0.11842804036112585,0.0015185431949996467,0.0015173913741944305
224,0.11895910780669144,0.0011005892807420118,0.0010999840763731606
225,0.11949017525225702,0.00478039481224568,0.004769005009045947
226,0.12002124269782262,0.008469614378470028,0.008433948437621458
227,0.1205523101433882,0.0031086945757790407,0.003103872575628853
228,0.1210833775889538,0.008590517220519444,0.008553828693346274
229,0.12161444503451938,0.0034427184940724526,0.0034368059051245368
230,0.12214551248008496,0.00489085457283878,0.004878933198283996
231,0.12267657992565055,0.004663410716960967,0.004652570705090813
232,0.12320764737121613,0.0035675601136050065,0.003561211465997072
233,0.12373871481678173,0.0017678402561300303,0.0017662794657590615
234,0.1242697822623473,0.005814016712655798,0.0057971805431493465
235,0.1248008497079129,0.0029436693870584694,0.0029393452760853524
236,0.1253319171534785,0.009073196877659546,0.009032282722107642
237,0.12586298459904408,0.004896866317794904,0.004884915665878612
238,0.12639405204460966,0.005030500886187163,0.005017890190997966
239,0.12692511949017524,0.008987099220195896,0.008946955581305788
240,0.12745618693574082,0.0043684363193004245,0.004358922398603973
241,0.12798725438130643,0.0064464800319851325,0.006425790349065643
242,0.128518321826872,0.007950584225691922,0.007919144861858532
243,0.1290493892724376,0.007217967192805985,0.007192042342670461
244,0.12958045671800317,0.006631990593421674,0.00661009569500085
245,0.13011152416356878,0.0087132030159966,0.008675462133465078
246,0.13064259160913436,0.008563013710599985,0.008526559068600887
247,0.13117365905469994,0.0075722146733244395,0.007543689365131862
248,0.13170472650026552,0.005747637570256273,0.005731182921567837
249,0.1322357939458311,0.00557179969807045,0.005556334641005689
250,0.1327668613913967,0.0015840230997197053,0.0015827698583970693
251,0.1332979288369623,0.005616271686959698,0.005600559235939637
252,0.13382899628252787,0.004423479989521737,0.004413725158201127
253,0.13436006372809345,0.0024118070249234927,0.0024089032862618033
254,0.13489113117365906,0.005056534269886245,0.005043792933760064
255,0.13542219861922464,0.001090513928396986,0.0010899197500169385
256,0.13595326606479022,0.00341749425500078,0.003411667892110219
257,0.1364843335103558,0.0012768068107133813,0.001275992386065686
258,0.13701540095592138,0.003959785373074715,0.003951966058050048
259,0.137546468401487,0.0003303780822454566,0.0003303235194240852
260,0.13807753584705257,0.006408226239678163,0.006387780857180924
261,0.13860860329261815,0.004791384674828314,0.0047799425258790605
262,0.13913967073818373,0.0024418017523233884,0.0024388253985505176
263,0.13967073818374934,0.003762115348135703,0.003755056291307252
264,0.14020180562931492,0.005374622166469278,0.005360230428492407
265,0.1407328730748805,0.0055685167509197855,0.0055530698790954265
266,0.14126394052044608,0.0009131553196622408,0.0009127386469819505
267,0.14179500796601166,0.004662316480354118,0.00465148154707921
268,0.14232607541157727,0.0032107323729659836,0.003205588978215952
269,0.14285714285714285,0.0060180050281130534,0.0059999691596460715
270,0.14338821030270843,0.00613838904349377,0.006119625878059252
271,0.143919277748274,0.00221455869263911,0.0022121101717999412
272,0.14445034519383962,0.001481989319241113,0.0014808922568260413
273,0.1449814126394052,0.003899521862930774,0.0038919384356515497
274,0.14551248008497078,0.005853070711547038,0.00583600804014454
275,0.14604354753053636,0.003100366149484175,0.0030955699251643963
276,0.14657461497610194,0.0022348515731650245,0.0022323580068639524
277,0.14710568242166755,0.003214170801158191,0.003209016395994481
278,0.14763674986723313,0.003353324462996236,0.0033477146081299296
279,0.1481678173127987,0.00445537657556208,0.0044454807674941255
280,0.1486988847583643,0.002374133109958992,0.002371319308626365
281,0.1492299522039299,0.0015590020401271192,0.0015577880580164992
282,0.14976101964949548,0.0014181512518705748,0.0014171466250803145
283,0.15029208709506106,0.0015564314484503522,0.0015552214643656367
284,0.15082315454062664,0.0012879011509218923,0.0012870725176234994
285,0.15135422198619222,0.006990022650722951,0.00696570569401697
286,0.15188528943175783,0.0036463269940456727,0.0036396952598638024
287,0.1524163568773234,0.008492531401880166,0.008456672734613414
288,0.152947424322889,0.0030858192724759707,0.0030810679042511183
289,0.15347849176845457,0.007901630518610083,0.007870576115862763
290,0.15400955921402018,0.004374436156609202,0.004364896122161135
291,0.15454062665958576,0.005607368163299803,0.005591705398421483
292,0.15507169410515134,0.0033899877956336238,0.0033842547400117716
293,0.15560276155071692,0.0016020153832700073,0.0016007335254805436
294,0.1561338289962825,0.001815461993086641,0.0018138160337790867
295,0.1566648964418481,0.0024220105775759407,0.002419082237317944
296,0.1571959638874137,0.004534033285032519,0.004523785520246494
297,0.15772703133297927,0.004328165670360258,0.0043188261004316435
298,0.15825809877854485,0.004643147919819833,0.004632401759685521
299,0.15878916622411046,0.0009191790406210867,0.0009187568542568259
300,0.15932023366967604,0.004165675417033977,0.004157023011612798
301,0.15985130111524162,0.0014118302305426234,0.0014108345353009376
302,0.1603823685608072,0.0025295205614950557,0.0025263267091691697
303,0.16091343600637278,0.0015071659605508704,0.0015060313258466785
304,0.1614445034519384,0.0015320113742811965,0.001530839042053866
305,0.16197557089750397,0.002878308779662638,0.002874174380432187
306,0.16250663834306955,0.001879430802709897,0.0018776668824037814
307,0.16303770578863513,0.0020463965732135016,0.0020443055559604827
308,0.16356877323420074,0.004834460623726605,0.00482281214661534
309,0.16409984067976632,0.002026415190941317,0.0020243647811986547
310,0.1646309081253319,0.006243302122106757,0.006223893452315771
311,0.16516197557089748,0.007576360745720635,0.0075478042700542845
312,0.16569304301646307,0.005318974682131819,0.005304878897618797
313,0.16622411046202867,0.005870371920467275,0.0058532084252014725
314,0.16675517790759425,0.007244112525270542,0.007217999974466323
315,0.16728624535315983,0.00640098438608523,0.006380585089638989
316,0.16781731279872542,0.0050773444629248835,0.00506449821439789
317,0.16834838024429102,0.0008794421812759573,0.0008790556985770469
318,0.1688794476898566,0.005056353445786065,0.005043613019386811
319,0.16941051513542218,0.004963164380702559,0.0049508884818151135
320,0.16994158258098777,0.0018381193351714837,0.0018364320611172942
321,0.17047265002655335,0.0028321875755659663,0.0028281844888814254
322,0.17100371747211895,0.0034639389295612767,0.0034579533116679546
323,0.17153478491768454,0.0008797431326221468,0.0008793563854412786
324,0.17206585236325012,0.0027794679297367484,0.0027756123514024195
325,0.1725969198088157,0.004285951285674557,0.004276792755813026
326,0.1731279872543813,0.003005810483660563,0.003001302067366035
327,0.17365905469994689,0.003146567439419488,0.003141627356251239
328,0.17419012214551247,0.004510842147551258,0.004500698791059026
329,0.17472118959107805,0.004414500872674073,0.004404785545416754
330,0.17525225703664363,0.0006097022199683392,0.0006095164270848753
331,0.17578332448220924,0.003399265633444552,0.0033935011895780535
332,0.17631439192777482,0.002515395805017229,0.00251223749215187
333,0.1768454593733404,0.0016116889526463704,0.001610391575797891
334,0.17737652681890598,0.00240160774435677,0.002398728493444004
335,0.17790759426447159,0.003827012484578414,0.003819708102343284
336,0.17843866171003717,0.003773870962266582,0.003766767776641688
337,0.17896972915560275,0.0017346727358944112,0.001733169928812071
338,0.17950079660116833,0.004420787291035405,0.0044110443147627465
339,0.1800318640467339,0.004242997469415598,0.004234021337166428
340,0.18056293149229952,0.004314483569297036,0.004305202869770268
341,0.1810939989378651,0.003495776052500902,0.0034896800301512706
342,0.18162506638343068,0.0031619702324475665,0.0031569817174964486
343,0.18215613382899626,0.003793345295322805,0.003786168704191339
344,0.18268720127456187,0.0030992957725282364,0.003094502855942669
345,0.18321826872012745,0.0023480258794633968,0.0023452735741788223
346,0.18374933616569303,0.00373666175396087,0.003729697776057803
347,0.1842804036112586,0.0028259690840642658,0.0028219835403488222
348,0.1848114710568242,0.00597598800619468,0.005958202611564966
349,0.1853425385023898,0.0037995631219022398,0.0037923630143559
350,0.18587360594795538,0.004866793811348105,0.004854989255081523
351,0.18640467339352096,0.006517893062208623,0.00649674344809509
352,0.18693574083908654,0.005693207083534832,0.0056770620291941975
353,0.18746680828465215,0.0018758112261332365,0.0018740540892834008
354,0.18799787573021773,0.007323649850000622,0.0072969621481463265
355,0.1885289431757833,0.005944864464117799,0.005927263479897685
356,0.1890600106213489,0.0012132948046748916,0.0012125593573495375
357,0.18959107806691447,0.003096047334839333,0.0030912644497724353
358,0.19012214551248008,0.001671077171083677,0.0016696824751746356
359,0.19065321295804566,0.004140056780770841,0.004131510326114968
360,0.19118428040361124,0.0021319758203161374,0.002129706384882156
361,0.19171534784917682,0.003550688464296405,0.0035443996520235278
362,0.19224641529474243,0.005089208568661432,0.005076302316618966
363,0.192777482740308,0.005996935893992497,0.005979025841887536
364,0.1933085501858736,0.0038407151647570697,0.0038333584489520945
365,0.19383961763143917,0.0037658133152341806,0.003758740391583699
366,0.19437068507700475,0.003100656916292622,0.003095859793233552
367,0.19490175252257036,0.008739558381079713,0.008701589501192252
368,0.19543281996813594,0.004269808824273203,0.004260719055772138
369,0.19596388741370152,0.0073333961322622435,0.007306637524192225
370,0.1964949548592671,0.00918070582643637,0.009138819316670366
371,0.1970260223048327,0.0056526299617421115,0.005636713799614907
372,0.1975570897503983,0.004278215017757137,0.00426908947398888
373,0.19808815719596387,0.0031587916621579814,0.0031538131610522775
374,0.19861922464152945,0.003955064808137142,0.003947264100756235
375,0.19915029208709503,0.0009449995077053806,0.000944553276773812
376,0.19968135953266064,0.005315143592723535,0.005301068070603113
377,0.20021242697822622,0.0036098037535275394,0.0036033040490335622
378,0.2007434944237918,0.0027728201933900796,0.0027689830190374036
379,0.20127456186935738,0.0017837636391855641,0.0017821746221652263
380,0.201805629314923,0.0049513330001454275,0.0049391154630397515
381,0.20233669676048857,0.005252254942663045,0.005238509958771786
382,0.20286776420605415,0.004113158395885455,0.004104722484139942
383,0.20339883165161973,0.0030122257869381825,0.003007698124790891
384,0.20392989909718534,0.002246787623850073,0.0022442673708129987
385,0.20446096654275092,0.0029128292086353135,0.0029085951417191333
386,0.2049920339883165,0.004790907978288017,0.00477946810237121
387,0.20552310143388208,0.0013844946068526924,0.0013835370778883895
388,0.20605416887944766,0.0032068119532312595,0.0032016810979785455
389,0.20658523632501327,0.0047139184860248255,0.004702842765335993
390,0.20711630377057885,0.0011339002157611912,0.0011332578364617002
391,0.20764737121614443,0.005462980121665748,0.005448112170063973
392,0.20817843866171,0.007719704145489871,0.00769005969595242
393,0.20870950610727562,0.006618780877120156,0.0065969729221313205
394,0.2092405735528412,0.005930374854814912,0.005912859396562933
395,0.20977164099840678,0.00634473605774053,0.006324692954047277
396,0.21030270844397236,0.005918756136379331,0.0059013091085649595
397,0.21083377588953794,0.004879848051417139,0.004867980186174327
398,0.21136484333510355,0.0024336542953991933,0.002430697754611675
399,0.21189591078066913,0.005772804506181568,0.005756205720640791
400,0.21242697822623471,0.0023664835677424476,0.002363687855307223
401,0.2129580456718003,0.006659334508445467,0.0066372590912610425
402,0.2134891131173659,0.0037520545450787294,0.0037450331460583265
403,0.21402018056293148,0.004896021798385195,0.004884075261462115
404,0.21455124800849706,0.00412359209345448,0.0041151133880675565
405,0.21508231545406264,0.005794225025512003,0.005777503066458029
406,0.21561338289962823,0.0025935965890278153,0.00259023902159179
407,0.21614445034519383,0.0031294210852565057,0.0031245346389367004
408,0.21667551779075941,0.0024439285552117977,0.002440947018607222
409,0.217206585236325,0.003442870157647409,0.003436957048344473
410,0.21773765268189058,0.0007385151603045802,0.0007382425921724565
411,0.21826872012745618,0.002546785234273948,0.0025435476725104793
412,0.21879978757302176,0.0018499074250720301,0.0018481984536327424
413,0.21933085501858735,0.002758613438530809,0.0027548154476682725
414,0.21986192246415293,0.002327844713857916,0.0023251394807802823
415,0.2203929899097185,0.0009218072236490611,0.0009213826202852062
416,0.22092405735528411,0.0024544245314787492,0.0024514173511813275
417,0.2214551248008497,0.0007469550582674677,0.0007466762261793183
418,0.22198619224641528,0.001776371912906078,0.0017747960302793556
419,0.22251725969198086,0.006122218584876023,0.006103553945272022
420,0.22304832713754646,0.004218062232158579,0.004209191144778227
421,0.22357939458311205,0.0021457294454051874,0.0021434306557784814
422,0.22411046202867763,0.003187924284530641,0.0031828536276308182
423,0.2246415294742432,0.004040935974057235,0.0040327933208731985
424,0.2251725969198088,0.0025539793939127115,0.0025507235309667788
425,0.2257036643653744,0.002908903731512696,0.0029046810579716523
426,0.22623473181093998,0.002364162970730866,0.0023613727343052174
427,0.22676579925650556,0.003927808447652291,0.003920114747724174
428,0.22729686670207114,0.0021450658290006076,0.0021427684600470592
429,0.22782793414763675,0.0044798671003908165,0.004469862364568541
430,0.22835900159320233,0.00041005137659559274,0.00040996732850510735
431,0.2288900690387679,0.0031793980743360485,0.003174354475855739
432,0.2294211364843335,0.004208291402292731,0.004199461308433226
433,0.22995220392989907,0.0020649567380591404,0.0020628276453798196
434,0.23048327137546468,0.004084182337724119,0.004075864704502847
435,0.23101433882103026,0.002462027871087264,0.002459002045894606
436,0.23154540626659584,0.002688505868814347,0.002684898301441813
437,0.23207647371216142,0.001972735764764727,0.001970792476875243
438,0.23260754115772703,0.004344232775413799,0.004334823836116483
439,0.2331386086032926,0.0031660036743270162,0.0031610024378691017
440,0.2336696760488582,0.004279271321639407,0.004270141277474171
441,0.23420074349442377,0.0025560709077167283,0.00255280971451935
442,0.23473181093998935,0.0010042409823527603,0.001003737069715705
443,0.23526287838555496,0.0018578733739809269,0.0018561496618730597
444,0.23579394583112054,0.002694231175720185,0.0026906082407966232
445,0.23632501327668612,0.003273159965847918,0.003267814838229521
446,0.2368560807222517,0.0009606795174321523,0.0009602183601904572
447,0.2373871481678173,0.0007324931710045213,0.0007322250288152957
448,0.2379182156133829,0.0011438839364667035,0.0011432301997217982
449,0.23844928305894847,0.0010153255849329002,0.0010148104905407162
450,0.23898035050451405,0.0004318539210590647,0.00043176069899240866
451,0.23951141795007963,0.000862855706812873,0.0008624836608267699
452,0.24004248539564524,0.0004608191684208763,0.00046071302387559304
453,0.24057355284121082,0.001989607492627731,0.0019876308450413618
454,0.2411046202867764,0.0022867726238544033,0.002284161938609302
455,0.24163568773234198,0.0020710589382024447,0.0020689172521685725
456,0.2421667551779076,0.0033061118944123224,0.003300658722375516
457,0.24269782262347317,0.0015236599108633937,0.0015225003188345627
458,0.24322889006903875,0.003564426888016607,0.0035580893737692633
459,0.24375995751460433,0.002706915842580211,0.0027032587440428747
460,0.2442910249601699,0.0038338762393200733,0.0038265456661771328
461,0.24482209240573552,0.007384015919437689,0.007356887536311341
462,0.2453531598513011,0.0034310804019761034,0.0034252076749788428
463,0.24588422729686668,0.003984616950281834,0.003976699389490553
464,0.24641529474243226,0.0024188472834709806,0.002415926581254213
465,0.24694636218799787,0.002351465672520612,0.00234870530354446
466,0.24747742963356345,0.000780735149682613,0.0007804305345344959
467,0.24800849707912903,0.0023732047515931027,0.002370393148657618
468,0.2485395645246946,0.002707892488818192,0.002704232753244286
469,0.2490706319702602,0.00411232491271564,0.004103892414830751
470,0.2496016994158258,0.004556658312543443,0.004546308174506457
471,0.25013276686139135,0.003051925651218395,0.0030472779799584674
472,0.250663834306957,0.0003623830451049535,0.0003623174002278452
473,0.25119490175252257,0.0020807367784611585,0.0020785750438383176
474,0.25172596919808815,0.004206795200253125,0.004197971375351577
475,0.25225703664365373,0.005196392912997489,0.005182938253680471
476,0.2527881040892193,0.004088814486107852,0.004080478000659172
477,0.2533191715347849,0.0042749007540062054,0.004265789323522447
478,0.2538502389803505,0.006416963430788305,0.006396462377220553
479,0.25438130642591605,0.004394951052817207,0.004385321459523746
480,0.25491237387148163,0.0058212839954097225,0.005804405791932163
481,0.25544344131704727,0.006813208951088343,0.006790103929838331
482,0.25597450876261285,0.0019443744719929536,0.001942486622677196
483,0.25650557620817843,0.008444483288336928,0.008409028099999272
484,0.257036643653744,0.0041957690401995635,0.004186991345500996
485,0.2575677110993096,0.004206748766668803,0.004197925136284467
486,0.2580987785448752,0.004968802270534479,0.0049564985123290595
487,0.25862984599044075,0.002974865560675357,0.0029704494042699157
488,0.25916091343600633,0.003928253408435102,0.003920557967525897
489,0.2596919808815719,0.00267352844246051,0.0026699609224570165
490,0.26022304832713755,0.0011826207276022798,0.0011819219825555949
491,0.26075411577270313,0.0041927204494149484,0.004183955487846392
492,0.2612851832182687,0.0011335647042271806,0.001132922704877245
493,0.2618162506638343,0.0029540265225591156,0.002949671959766039
494,0.2623473181093999,0.0027646114991045512,0.002760796989541413
495,0.26287838555496545,0.003120624022498112,0.0031157649815553566
496,0.26340945300053104,0.002295179760238109,0.0022925498584683594
497,0.2639405204460966,0.007005984133065907,0.006981556254087125
498,0.2644715878916622,0.0020148678568770845,0.002012840733104397
499,0.26500265533722783,0.0013367890463728401,0.001335896339380978
500,0.2655337227827934,0.003961020993454786,0.003953196804179231
501,0.266064790228359,0.004138625329135779,0.0041300847753208345
502,0.2665958576739246,0.0035649435932178122,0.0035586042436215053
503,0.26712692511949016,0.005423926410085551,0.005409269894590148
504,0.26765799256505574,0.004549553860045203,0.0045392359227208355
505,0.2681890600106213,0.002123257100811128,0.0021210061760845397
506,0.2687201274561869,0.005095268631394103,0.005082331676412978
507,0.2692511949017525,0.002975990264134343,0.0029715707711824905
508,0.2697822623473181,0.0009270436599487299,0.0009266142203606758
509,0.2703133297928837,0.0029243443855009703,0.002920076808344296
510,0.2708443972384493,0.000601613599552348,0.00060143270264049
511,0.27137546468401486,0.0025385792755214247,0.002535362525984735
512,0.27190653212958044,0.0020797432814860985,0.0020775836092851024
513,0.272437599575146,0.0030512869601952053,0.0030466412320392434
514,0.2729686670207116,0.0030403668158143194,0.0030357542475284017
515,0.2734997344662772,0.007244486182679405,0.007218370944457519
516,0.27403080191184276,0.003499481853952063,0.003493372915260557
517,0.2745618693574084,0.004853534196103117,0.004841793772047994
518,0.275092936802974,0.00444248122735683,0.004432642535669307
519,0.27562400424853956,0.0044974839286759,0.0044874004699897
520,0.27615507169410514,0.0045508669536913435,0.0045405430685782925
521,0.2766861391396707,0.004030861584221668,0.004022759426818312
522,0.2772172065852363,0.004316378961535409,0.004307090117719834
523,0.2777482740308019,0.005359527064477724,0.005345215910538741
524,0.27827934147636746,0.0010089769249982717,0.0010084682499128773
525,0.27881040892193304,0.0018078313699804835,0.0018061992096670189
526,0.2793414763674987,0.0021623662150470914,0.002160031666050611
527,0.27987254381306426,0.002921128148021772,0.0029168699436847383
528,0.28040361125862984,0.004387702680222961,0.00437810477773808
529,0.2809346787041954,0.0052106952407285296,0.00519716654387658
530,0.281465746149761,0.004539659821428166,0.004529386645197726
531,0.2819968135953266,0.006010885223662581,0.005992891920859893
532,0.28252788104089216,0.002984081143513488,0.0029796376110907356
533,0.28305894848645774,0.004625037824354542,0.004614375200967006
534,0.2835900159320233,0.00449394871826431,0.004483881081749268
535,0.28412108337758896,0.005345517257455218,0.005331280692081618
536,0.28465215082315454,0.0043271510347556,0.004317815836902386
537,0.2851832182687201,0.0021458285270844627,0.0021435295253056028
538,0.2857142857142857,0.001404971484507118,0.0014039854355433771
539,0.2862453531598513,0.001085677184528759,0.0010850882632679648
540,0.28677642060541686,0.002346015099247195,0.0023432675022545296
541,0.28730748805098244,0.003826530879060003,0.0038192283327934
542,0.287838555496548,0.0011703199584201813,0.0011696356678582082
543,0.2883696229421136,0.00558768327174311,0.0055721300802112714
544,0.28890069038767924,0.004138163055947277,0.004129624407316607
545,0.2894317578332448,0.001320679501016936,0.001319808170925554
546,0.2899628252788104,0.0014066873163125655,0.0014056988585683613
547,0.290493892724376,0.00351129923234155,0.003505149013825635
548,0.29102496016994156,0.004780521392275144,0.004769130986843827
549,0.29155602761550714,0.004604934480589582,0.00459436420765839
550,0.2920870950610727,0.004691832503203759,0.004680860163951397
551,0.2926181625066383,0.0066610069030636635,0.006638920421138656
552,0.2931492299522039,0.004951430085243409,0.0049392120698008
553,0.2936802973977695,0.004612989325385351,0.004602382098301686
554,0.2942113648433351,0.008821999863715178,0.008783313384505206
555,0.2947424322889007,0.005862569969425237,0.005845451977136603
556,0.29527349973446626,0.0054525038097825605,0.0054376927248242345
557,0.29580456718003184,0.007356370412641175,0.007329444291528247
558,0.2963356346255974,0.0032601058489181165,0.00325480322546198
559,0.296866702071163,0.005216008662829917,0.005202452408903226
560,0.2973977695167286,0.0034700989177151604,0.0034640920168149463
561,0.29792883696229416,0.00333603549541223,0.003330483273844296
562,0.2984599044078598,0.003163958208418948,0.003158963425396647
563,0.2989909718534254,0.00452701130669073,0.004516795211653612
564,0.29952203929899096,0.0028607312486515295,0.002856647144175859
565,0.30005310674455654,0.0023780791651356807,0.0023752560097832776
566,0.3005841741901221,0.001696852192515587,0.0016954141653505088
567,0.3011152416356877,0.0033457951926190916,0.003340210473301314
568,0.3016463090812533,0.003969071929452029,0.0039612159439148835
569,0.30217737652681886,0.002220973375806352,0.0022185106601814706
570,0.30270844397238444,0.004366527305942925,0.004357021686571705
571,0.3032395114179501,0.003175879089574215,0.0031708466377356513
572,0.30377057886351566,0.0006662063950727552,0.0006659845781041252
573,0.30430164630908124,9.814025500453946e-05,9.81354395647697e-05
574,0.3048327137546468,0.0023995076239830427,0.002396633402457044
575,0.3053637812002124,0.002011835054847634,0.002009814024902309
576,0.305894848645778,0.002623537395362188,0.002620101928535044
577,0.30642591609134356,0.0036372765619185864,0.0036306776680186696
578,0.30695698353690914,0.0026350128583591654,0.0026315472985055655
579,0.3074880509824747,0.002804130143820753,0.002800205905227787
580,0.30801911842804036,0.0040946956467914925,0.004086335195137646
581,0.30855018587360594,0.0033244638685580234,0.0033189500554867287
582,0.3090812533191715,0.0014006570041380233,0.0013996769991102749
583,0.3096123207647371,0.003541811623395444,0.003535554179380258
584,0.3101433882103027,0.0036204497838567802,0.0036139117312469792
585,0.31067445565586826,0.003017439230510388,0.003012895897947622
586,0.31120552310143385,0.005495969112791245,0.005480921383937795
587,0.3117365905469994,0.0039850757782329245,0.003977156396339562
588,0.312267657992565,0.0017249986402910055,0.001723512538906303
589,0.31279872543813064,0.003207960238681752,0.0032028257122092693
590,0.3133297928836962,0.002498968321959982,0.0024958510927808437
591,0.3138608603292618,0.0006967298472344519,0.0006964872436739924
592,0.3143919277748274,0.0028812756649955083,0.0028771327462860825
593,0.31492299522039296,0.003935864302762447,0.003928139052580653
594,0.31545406266595855,0.006253269340316588,0.00623379877921297
595,0.3159851301115241,0.006751633727666061,0.006728943522051753
596,0.3165161975570897,0.005789571514720154,0.005772876353119154
597,0.3170472650026553,0.008047346292744525,0.008015139074612534
598,0.3175783324482209,0.002628822640159356,0.0026253733296838617
599,0.3181093998937865,0.005940158763602881,0.0059225855778698875
600,0.3186404673393521,0.0029442240199485585,0.0029398982809585683
601,0.31917153478491767,0.004326947373231901,0.0043176130528353234
602,0.31970260223048325,0.001442038806835437,0.0014410000673570763
603,0.3202336696760488,0.0032411020930518107,0.003235861043128219
604,0.3207647371216144,0.001965079231547408,0.001963150989040582
605,0.32129580456718,0.0017344388831446616,0.0017329364809905963
606,0.32182687201274557,0.001846320173918688,0.0018446178198980125
607,0.3223579394583112,0.0017999695640855938,0.0017983515601507165
608,0.3228890069038768,0.004720822746808101,0.0047097146090855115
609,0.32342007434944237,0.0047005869547909855,0.0046895736949695375
610,0.32395114179500795,0.003998586342327475,0.003990613242975939
611,0.3244822092405735,0.006606690556470983,0.00658496202636145
612,0.3250132766861391,0.0031582399362852574,0.00315326317232763
613,0.3255443441317047,0.007978991806545986,0.007947327970230657
614,0.32607541157727027,0.004655381074633959,0.004644578302531445
615,0.32660647902283585,0.005227111143037978,0.005213497217979193
616,0.3271375464684015,0.005289753568362275,0.005275811965439478
617,0.32766861391396707,0.005106865902893352,0.005093870089690073
618,0.32819968135953265,0.003959334368913481,0.003951516832623784
619,0.3287307488050982,0.003057469847988498,0.0030528052924595267
620,0.3292618162506638,0.002687841446351396,0.0026842356602733955
621,0.3297928836962294,0.005211154424896218,0.0051976233476740165
622,0.33032395114179497,0.0025584837807950014,0.0025552164329511046
623,0.33085501858736055,0.00291692678771184,0.0029126808115665197
624,0.33138608603292613,0.0019702081702564797,0.001968269855644037
625,0.33191715347849177,0.001465405767889461,0.001464333108650001
626,0.33244822092405735,0.0011030633430415108,0.0011024554156859807
627,0.33297928836962293,0.001789627082633154,0.0017880276081099979
628,0.3335103558151885,0.0007080519967422885,0.000707801446188814
629,0.3340414232607541,0.0010060343241018092,0.0010055286107194343
630,0.33457249070631967,0.0030240554945086115,0.003019492236074869
631,0.33510355815188525,0.001281716020466357,0.0012808953236797588
632,0.33563462559745083,0.005587860363058811,0.005572306187479741
633,0.3361656930430164,0.0026937204216607134,0.0026900988589993857
634,0.33669676048858205,0.003061853212583199,0.0030571752863520337
635,0.33722782793414763,0.006235662271832424,0.0062163009751674
636,0.3377588953797132,0.0047026848950744654,0.004691661817660359
637,0.3382899628252788,0.0016022048218904124,0.001600922661084886
638,0.33882103027084437,0.0033829934863973225,0.003377284036995966
639,0.33935209771640995,0.002949468870414481,0.002945127721067508
640,0.33988316516197553,0.0023013517481576284,0.002298707694045272
641,0.3404142326075411,0.004655820034444907,0.00464501522819105
642,0.3409453000531067,0.005942605949113153,0.005925018309590835
643,0.34147636749867233,0.0017155147838853098,0.001714044969150955
644,0.3420074349442379,0.003608590316079189,0.0036020949753702916
645,0.3425385023898035,0.009227742950442085,0.009185427448976524
646,0.34306956983536907,0.007215567252126004,0.007189659597706235
647,0.34360063728093465,0.0013867059864144586,0.0013857453976017066
648,0.34413170472650023,0.0055291246877373435,0.005513895189238697
649,0.3446627721720658,0.006897187134986432,0.006873510346282321
650,0.3451938396176314,0.011083234498116346,0.011022265529929685
651,0.345724907063197,0.008216426643006052,0.008182855573740697
652,0.3462559745087626,0.007297870754354144,0.0072713701494664445
653,0.3467870419543282,0.004570473889868782,0.00456006098994966
654,0.34731810939989377,0.004635529131207932,0.004624818153987659
655,0.34784917684545935,0.005930250164164318,0.00591273544100752
656,0.34838024429102493,0.008728927299273414,0.008691050469844943
657,0.3489113117365905,0.0041462318094866715,0.004137659876356816
658,0.3494423791821561,0.00490938553707338,0.004897373801350212
659,0.3499734466277217,0.004058386206162662,0.0040501731704783665
660,0.35050451407328725,0.0008472783149001362,0.0008469195772481408
661,0.3510355815188529,0.002703731602732003,0.0027000830953524007
662,0.35156664896441847,0.003447354947705406,0.0034414264408422807
663,0.35209771640998405,0.010016969267580923,0.009967131967059195
664,0.35262878385554963,0.004003668137376541,0.003995674786146761
665,0.3531598513011152,0.006147506719444067,0.006128687886563667
666,0.3536909187466808,0.006262324646063978,0.006242797771096073
667,0.3542219861922464,0.0020361806657826376,0.002034110459663576
668,0.35475305363781195,0.003977282865807308,0.003969394385869488
669,0.35528412108337754,0.0007346220157139786,0.0007343523130392582
670,0.35581518852894317,0.002015039133482742,0.00201301166528965
671,0.35634625597450875,0.004644990132450648,0.004634235456501749
672,0.35687732342007433,0.003595373676948142,0.003588925771474395
673,0.3574083908656399,0.0019421988805748624,0.001940315250857031
674,0.3579394583112055,0.0010989394421112015,0.001098336050182821
675,0.3584705257567711,0.001577528292970778,0.001576285302276836
676,0.35900159320233666,0.002937329959519027,0.002933024434977103
677,0.35953266064790224,0.003475127133787239,0.003469102832264037
678,0.3600637280934678,0.003314813362397539,0.0033093314795223667
679,0.36059479553903345,0.006858933978464108,0.006835518499974959
680,0.36112586298459903,0.005325252608944862,0.005311123589472136
681,0.3616569304301646,0.0015136368862109894,0.0015124924925514326
682,0.3621879978757302,0.004723412335703409,0.0047122920271099565
683,0.3627190653212958,0.0021666566351256733,0.0021643128195235947
684,0.36325013276686136,0.001395169893414751,0.001394197548185129
685,0.36378120021242694,0.00030770684016619815,0.00030765950812580175
686,0.3643122676579925,0.0014746667484078198,0.001473580495174941
687,0.3648433351035581,0.0002678816734247311,0.00026784579953574795
688,0.36537440254912373,0.001968495443155545,0.0019665604948758187
689,0.3659054699946893,0.00010214357853119035,0.00010213836223107745
690,0.3664365374402549,0.0029556659620339418,0.002951306569221259
691,0.3669676048858205,0.001729178910994079,0.0017276856023583345
692,0.36749867233138606,0.0026190588789702924,0.002615635120977471
693,0.36802973977695164,0.0020362657626893823,0.002034195383646136
694,0.3685608072225172,0.000971962225887903,0.0009714901764550094
695,0.3690918746680828,0.0018260363192597986,0.0018243711417484142
696,0.3696229421136484,0.003125038716377262,0.0031201659320083835
697,0.370154009559214,0.004497283112678255,0.004487200553095004
698,0.3706850770047796,0.003702307401646782,0.0036954707307076846
699,0.3712161444503452,0.0031712018778561946,0.0031661842223815006
700,0.37174721189591076,0.004490308878948855,0.004480257519940164
701,0.37227827934147634,0.005594070202401441,0.005578481500859673
702,0.3728093467870419,0.00506450668992309,0.005051725212338751
703,0.3733404142326075,0.005881292727066673,0.005864065437815322
704,0.3738714816781731,0.0014607818927272864,0.0014597159887674322
705,0.37440254912373866,0.0025945317860999076,0.0025911717989794657
706,0.3749336165693043,0.0045204292309242375,0.004510242777267338
707,0.3754646840148699,0.00315035127263655,0.003145399313613857
708,0.37599575146043546,0.004873018345605637,0.004861183623347404
709,0.37652681890600104,0.003958520286925275,0.00395070596081813
710,0.3770578863515666,0.004484587134137152,0.004474561336455669
711,0.3775889537971322,0.002159322293520756,0.002156994307782435
712,0.3781200212426978,0.005882858618279811,0.005865622172199013
713,0.37865108868826336,0.006715029539586135,0.0066925841536532105
714,0.37918215613382894,0.00701050087724417,0.00698604156412494
715,0.3797132235793946,0.005760761609903577,0.005744231874933222
716,0.38024429102496016,0.007842441070031285,0.007811848969465491
717,0.38077535847052574,0.004559228775539905,0.004548866974636388
718,0.3813064259160913,0.0019051617115420614,0.0019033491926977167
719,0.3818374933616569,0.0025450369433703155,0.002541803821296988
720,0.3823685608072225,0.003980066269636306,0.0039721667593267205
721,0.38289962825278806,0.007165971514961616,0.007140417945894073
722,0.38343069569835364,0.0018751886450719662,0.0018734326736870412
723,0.3839617631439192,0.007596987036393871,0.007568275254048447
724,0.38449283058948486,0.0035715838102261094,0.003565220850830494
725,0.38502389803505044,0.005716182310872996,0.005699906933329878
726,0.385554965480616,0.005894246524011383,0.005876943412213708
727,0.3860860329261816,0.006565426975832992,0.0065439684319395786
728,0.3866171003717472,0.0046134816600572025,0.004602872172147478
729,0.38714816781731276,0.0037893856356934724,0.003782224000375819
730,0.38767923526287834,0.005656489439172331,0.005640551576108829
731,0.3882103027084439,0.00027312625205098745,0.0002730889598663696
732,0.3887413701540095,0.0014953708614958879,0.0014942539078571509
733,0.38927243759957514,0.0022004512629246052,0.0021980338157113386
734,0.3898035050451407,0.003946897640828423,0.003939129074782355
735,0.3903345724907063,0.0023378268099226167,0.002335098344451745
736,0.3908656399362719,0.007423918092397127,0.007396496446213937
737,0.39139670738183746,0.006988254123063903,0.006963949441052929
738,0.39192777482740304,0.006032136592125802,0.00601401608990955
739,0.3924588422729686,0.0024965913721381057,0.0024934800652637156
740,0.3929899097185342,0.004098050467099161,0.004089676328914933
741,0.3935209771640998,0.0022913625734056623,0.0022887414054514016
742,0.3940520446096654,0.0025392083867561053,0.0025359900440177527
743,0.394583112055231,0.003099761347881748,0.0030949669926910728
744,0.3951141795007966,0.0029556891703159823,0.002951329709109252
745,0.39564524694636216,0.001033312699379554,0.0010327791992955167
746,0.39617631439192774,0.0024699683712010355,0.00246692301291862
747,0.3967073818374933,0.002910893152416917,0.0029066647066596477
748,0.3972384492830589,0.006438490170027183,0.006417851632172954
749,0.3977695167286245,0.0034408785065632567,0.003434972228759902
750,0.39830058417419006,0.004318614312791324,0.004309315859343774
751,0.3988316516197557,0.0014138734482875386,0.0014128748703547197
752,0.3993627190653213,0.0011051993905351557,0.0011045891073037841
753,0.39989378651088686,0.0011910931929303907,0.0011903844041997274
754,0.40042485395645244,0.003741353749228419,0.003734372293269272
755,0.400955921402018,0.00475091830201925,0.004739668307461674
756,0.4014869888475836,0.0047817174011680124,0.004770321304684978
757,0.4020180562931492,0.009195356737266996,0.009153336840042374
758,0.40254912373871476,0.004021144752308013,0.004013081558034965
759,0.40308019118428035,0.0030678294393844934,0.0030631332529311556
760,0.403611258629846,0.0014365942966318628,0.001435563382264329
761,0.40414232607541156,0.0024033583521863295,0.002400474905548089
762,0.40467339352097714,0.004046177840040972,0.0040380140764347365
763,0.4052044609665427,0.0008236794072761454,0.0008233403695526476
764,0.4057355284121083,0.0010902530220159737,0.0010896591278140694
765,0.4062665958576739,0.0015438238417937108,0.0015426333708605704
766,0.40679766330323947,0.0021088369226809137,0.002106616447296678
767,0.40732873074880505,0.0037517734494947738,0.0037447531011786752
768,0.4078597981943707,0.00021366331859003034,0.00021364049583404087
769,0.40839086563993626,0.001508122468679604,0.0015069863940723274
770,0.40892193308550184,0.0026217671788051145,0.002618336342496233
771,0.4094530005310674,0.00265301370845962,0.002649500679628333
772,0.409984067976633,0.0035951046780846856,0.0035886577362616366
773,0.4105151354221986,0.0026341143428588584,0.0026306511439813485
774,0.41104620286776417,0.005089952846782244,0.00507704282585824
775,0.41157727031332975,0.007392493617227171,0.007365303058082024
776,0.4121083377588953,0.0022242613789586734,0.0022217913715676576
777,0.41263940520446096,0.0047324264931885626,0.004721263766932283
778,0.41317047265002654,0.003414797564661267,0.0034089803826950014
779,0.4137015400955921,0.0020897425202934757,0.002087562045618255
780,0.4142326075411577,0.0032517636159861882,0.0032464880661460262
781,0.4147636749867233,0.0026524979725003595,0.0026489863081709604
782,0.41529474243228887,0.00422840528259784,0.004219490697797583
783,0.41582580987785445,0.001471748395487552,0.0014706664352697883
784,0.41635687732342,0.004231474368348664,0.0042225468561823435
785,0.4168879447689856,0.0022789133063383688,0.0022763205218163897
786,0.41741901221455124,0.0014573227950120905,0.0014562619307037464
787,0.4179500796601168,0.0022393644657991182,0.002236860826204796
788,0.4184811471056824,0.00254455441121146,0.0025413225139669453
789,0.419012214551248,0.003393349615001352,0.003387605195743648
790,0.41954328199681357,0.0012852576371286566,0.001284432400550486
791,0.42007434944237915,0.004788832533199778,0.004777402551006017
792,0.4206054168879447,0.002237568975671403,0.0022350693462453507
793,0.4211364843335103,0.005751448573449982,0.0057349721384956165
794,0.4216675517790759,0.004125792815228135,0.004117305069827992
795,0.4221986192246415,0.005829230739810261,0.005812306512601456
796,0.4227296866702071,0.0050131213584153995,0.005000597503834502
797,0.4232607541157727,0.0013620753459772435,0.0013611485628233868
798,0.42379182156133827,0.003288798271242382,0.0032834020024639313
799,0.42432288900690385,0.0030828499839391657,0.003078107745833424
800,0.42485395645246943,0.001412728144146303,0.0014117311825883147
801,0.425385023898035,0.00457813184683152,0.00456768407660528
802,0.4259160913436006,0.0037316121312857818,0.0037246669392164058
803,0.42644715878916617,0.003274004679603392,0.0032686567957676813
804,0.4269782262347318,0.0025802528508856158,0.0025769297136271725
805,0.4275092936802974,0.0018734474040332434,0.0018716946901821275
806,0.42804036112586297,0.0026296019016811903,0.0026261505477344605
807,0.42857142857142855,0.004838558494184243,0.004826890293078632
808,0.42910249601699413,0.003985551274671949,0.0039776300052983965
809,0.4296335634625597,0.001290504703014533,0.0012896727175308103
810,0.4301646309081253,0.0004844790466707821,0.00048436172458931454
811,0.43069569835369087,0.005753099049559648,0.005736613174914467
812,0.43122676579925645,0.006207886249850467,0.006188696700747753
813,0.4317578332448221,0.0013775246669655982,0.0013765767502807692
814,0.43228890069038767,0.004426915169394027,0.004417145203696372
815,0.43281996813595325,0.004412059653338092,0.004402355052527072
816,0.43335103558151883,0.004386896391485565,0.004377302010978914
817,0.4338821030270844,0.007691067172164698,0.007661641694287798
818,0.43441317047265,0.005162662471503958,0.005149381619698743
819,0.43494423791821557,0.0030146037352095046,0.003010068928846278
820,0.43547530536378115,0.002133594201554808,0.002131321321807559
821,0.43600637280934673,0.0006929969254815216,0.0006927569139905738
822,0.43653744025491237,0.004855766079339408,0.004844014872618097
823,0.43706850770047795,0.0065170730677728194,0.006495928763353294
824,0.43759957514604353,0.005839032543232909,0.005822051462702452
825,0.4381306425916091,0.0020304958256970457,0.002028437155324661
826,0.4386617100371747,0.006328847379874314,0.006308904325431792
827,0.43919277748274027,0.00624969882639346,0.006230250447628262
828,0.43972384492830585,0.002777557145403546,0.0027737068614968096
829,0.44025491237387143,0.0030524942190673214,0.003047844817699609
830,0.440785979819437,0.008091105383597709,0.008058547889938358
831,0.44131704726500265,0.004156721531604365,0.0041481062306783474
832,0.44184811471056823,0.005166806657672572,0.005153504512221843
833,0.4423791821561338,0.006999148125012592,0.0069747677827532144
834,0.4429102496016994,0.003990568109484831,0.003982626912148495
835,0.44344131704726497,0.0019233976188654518,0.0019215502580922407
836,0.44397238449283055,0.005396787473467781,0.005382276999169846
837,0.44450345193839613,0.006921310149047246,0.006897467832117813
838,0.4450345193839617,0.00024296975122515226,0.000242940238855459
839,0.4455655868295273,0.004378563315222065,0.004369005296971532
840,0.44609665427509293,0.002101518737737398,0.0020993136360694243
841,0.4466277217206585,0.003332588495892941,0.003327047729501717
842,0.4471587891662241,0.006623530639628444,0.006601691442580771
843,0.44768985661178967,0.0031807232941220074,0.0031756754947215395
844,0.44822092405735525,0.0038645355350818856,0.0038570874005176992
845,0.44875199150292083,0.002507619653644814,0.002504480821717167
846,0.4492830589484864,0.0017945778985074018,0.001792969567486549
847,0.449814126394052,0.0038064828024514264,0.003799256478901159
848,0.4503451938396176,0.003873665723752399,0.003866182399721133
849,0.4508762612851832,0.0048952427845332614,0.004883300042795717
850,0.4514073287307488,0.0024691625948878426,0.002466119221620672
851,0.45193839617631437,0.0006636512976072518,0.0006634311784676949
852,0.45246946362187995,0.0008407760371127713,0.0008404227829317131
853,0.45300053106744553,0.0017284806678452564,0.0017269885642697239
854,0.4535315985130111,0.0024435647642968173,0.0024405841145378484
855,0.4540626659585767,0.0017256412698553423,0.001724154061638668
856,0.4545937334041423,0.0013351621896841488,0.0013342716532333664
857,0.45512480084970786,0.0016418378634548724,0.0016404915211190366
858,0.4556558682952735,0.0008584279125040926,0.0008580596739860228
859,0.4561869357408391,0.0016235252434668652,0.0016222087510719212
860,0.45671800318640465,0.0012011288054767184,0.001200408027380201
861,0.45724907063197023,0.00027189936782845946,0.00027186240989442086
862,0.4577801380775358,0.002667371644199352,0.002663820521828962
863,0.4583112055231014,0.005384898140692247,0.0053704514162527806
864,0.458842272968667,0.003553053474830512,0.003546756292076247
865,0.45937334041423256,0.004626504747333993,0.0046158353695405965
866,0.45990440785979814,0.0034189956567124784,0.0034131641791463048
867,0.4604354753053638,0.006087881978877023,0.006069425693959982
868,0.46096654275092935,0.004920219396556935,0.004908154674969612
869,0.46149761019649493,0.0018709891856778594,0.001869241065547672
870,0.4620286776420605,0.0030159683831374818,0.0030114294743403937
871,0.4625597450876261,0.003800073480489198,0.0037928714410139382
872,0.4630908125331917,0.004539492236222744,0.004529219817320138
873,0.46362187997875726,0.0026348318249033104,0.0026313667408052292
874,0.46415294742432284,0.002420335056696167,0.002417410763365468
875,0.4646840148698884,0.002881637862891922,0.0028774939035235312
876,0.46521508231545405,0.0016558030917596764,0.0016544337611731617
877,0.46574614976101963,0.002113119069837306,0.0021108895739766803
878,0.4662772172065852,0.004585527946873729,0.004575046443534615
879,0.4668082846521508,0.003566434920072553,0.003560090271761672
880,0.4673393520977164,0.0049219191346158596,0.00490984608946067
881,0.46787041954328196,0.004755096646450639,0.00474382688613754
882,0.46840148698884754,0.0037071015206865832,0.00370024715450893
883,0.4689325544344131,0.003785959616870051,0.00377881090922432
884,0.4694636218799787,0.003925829094445755,0.0039181431366769074
885,0.46999468932554433,0.0020332213069215377,0.0020311571099859756
886,0.4705257567711099,0.0019949471711613997,0.001992959906606487
887,0.4710568242166755,0.0007328604050927079,0.0007325919940365827
888,0.4715878916622411,0.004415127416527852,0.004405409335353896
889,0.47211895910780666,0.0014683626605097337,0.0014672856702043402
890,0.47265002655337224,0.00358530668694055,0.0035788947960807387
891,0.4731810939989378,0.002032272496704791,0.00203021022454767
892,0.4737121614445034,0.0008204862751038614,0.0008201498602433186
893,0.474243228890069,0.0006584433412592254,0.0006582266625509524
894,0.4747742963356346,0.0015233648112288269,0.001522205668104026
895,0.4753053637812002,0.0029077463191623564,0.0029035270019912014
896,0.4758364312267658,0.0006872977615728899,0.0006870616806320999
897,0.47636749867233136,0.003278985646423491,0.00327362149577224
898,0.47689856611789694,0.002771438497196402,0.002767605142495721
899,0.4774296335634625,0.0007820241658097057,0.000781718544237008
900,0.4779607010090281,0.002366999599263295,0.00236420266839852
901,0.4784917684545937,0.001224787035192231,0.0012240375954251004
902,0.47902283590015926,0.0014262644839426958,0.0014252483348371203
903,0.4795539033457249,0.0014902406617304225,0.001489131355067992
904,0.4800849707912905,0.002392898910500893,0.0023900404869405716
905,0.48061603823685606,0.0016739503990032371,0.001672550905604762
906,0.48114710568242164,0.0029777559889908396,0.0029733312553011245
907,0.4816781731279872,0.002157907148494039,0.0021555822109287737
908,0.4822092405735528,0.006082355356748467,0.006063932498577182
909,0.4827403080191184,0.0077051978471188425,0.007675664420438123
910,0.48327137546468396,0.0021138539859059087,0.002111622940085891
911,0.48380244291024954,0.0036032277597878933,0.0035967516864926392
912,0.4843335103558152,0.002513726103421079,0.0025105719785910884
913,0.48486457780138076,0.0005428169469745843,0.0005426696751476418
914,0.48539564524694634,0.0017784464105836389,0.0017768668472678292
915,0.4859267126925119,0.0020566030168716635,0.002054491103969081
916,0.4864577801380775,0.0034159441122417053,0.003410123027718946
917,0.4869888475836431,0.0026557453145944084,0.002652225054238975
918,0.48751991502920866,0.001573834248102957,0.0015725970688892808
919,0.48805098247477424,0.0009777607654975903,0.00097728306879702
920,0.4885820499203398,0.0014781365980669307,0.0014770452294945086
921,0.48911311736590546,0.001225280494191871,0.001224530450660436
922,0.48964418481147104,0.0021108634635051632,0.0021086387214254675
923,0.4901752522570366,0.0007946823174849937,0.0007943667246784129
924,0.4907063197026022,0.001335913214829237,0.001335021676693846
925,0.4912373871481678,0.0025715201679458706,0.0025682194672933967
926,0.49176845459373336,0.0031169049721504584,0.003112057493988297
927,0.49229952203929894,0.003427522773482593,0.0034216622049712555
928,0.4928305894848645,0.0038081170715210328,0.00380088454941799
929,0.4933616569304301,0.0025047424462875177,0.002501610807136025
930,0.49389272437599574,0.00448917272010188,0.004479126439351854
931,0.4944237918215613,0.00215484119528442,0.0021525228548356146
932,0.4949548592671269,0.003781046942163067,0.0037739167515788282
933,0.4954859267126925,0.006344636545832108,0.006324594069530096
934,0.49601699415825806,0.001046834101126447,0.0010462865524039394
935,0.49654806160382364,0.005277374207065246,0.005263497667522071
936,0.4970791290493892,0.008450705439752279,0.008415198129508137
937,0.4976101964949548,0.003765588329342024,0.0037585162497426575
938,0.4981412639405204,0.004426451215492576,0.004416683294520507
939,0.498672331386086,0.006054046245634209,0.006035794136691197
940,0.4992033988316516,0.004475309420651104,0.004465325001273444
941,0.4997344662772172,0.004221009180978116,0.004212125711090428
